{
  "train": {
    "auc": 0.7460451150312498,
    "log_loss": 0.5950319581832858,
    "brier": 0.20442244018793715,
    "accuracy": 0.6808975
  },
  "test": {
    "auc": 0.7390391966,
    "log_loss": 0.6007579690418953,
    "brier": 0.20692468179320095,
    "accuracy": 0.67456
  },
  "train_fraction": 0.8,
  "random_state": 42
}